"Language","original","english","czech","german","russian","polish","hungarian","italian","spanish","french","chinese","japanese","portuguese","chinesesimp"
"STR_DZCORE_DZ_EVENTTOKEN_NAME","DeutschZ Event Token","DeutschZ Event Token","DeutschZ Event Token","DeutschZ Event-Token","DeutschZ Event Token","DeutschZ Event Token","DeutschZ Event Token","DeutschZ Event Token","DeutschZ Event Token","DeutschZ Event Token","DeutschZ Event Token","DeutschZ Event Token","DeutschZ Event Token","DeutschZ Event Token"
"STR_DZCORE_DZ_EVENTTOKEN_DESC","Global DeutschZ event token for rewards, admin spawn and traders. Event-only, no normal map spawn.","Global DeutschZ event token for rewards, admin spawn and traders. Event-only, no normal map spawn.","Global DeutschZ event token for rewards, admin spawn and traders. Event-only, no normal map spawn.","Globaler DeutschZ Event-Token fuer Rewards, Adminspawn und Trader. Event-only, kein normaler Mapspawn.","Global DeutschZ event token for rewards, admin spawn and traders. Event-only, no normal map spawn.","Global DeutschZ event token for rewards, admin spawn and traders. Event-only, no normal map spawn.","Global DeutschZ event token for rewards, admin spawn and traders. Event-only, no normal map spawn.","Global DeutschZ event token for rewards, admin spawn and traders. Event-only, no normal map spawn.","Global DeutschZ event token for rewards, admin spawn and traders. Event-only, no normal map spawn.","Global DeutschZ event token for rewards, admin spawn and traders. Event-only, no normal map spawn.","Global DeutschZ event token for rewards, admin spawn and traders. Event-only, no normal map spawn.","Global DeutschZ event token for rewards, admin spawn and traders. Event-only, no normal map spawn.","Global DeutschZ event token for rewards, admin spawn and traders. Event-only, no normal map spawn.","Global DeutschZ event token for rewards, admin spawn and traders. Event-only, no normal map spawn."
"STR_DZCORE_DZ_BOSSDOGTAG_NAME","DeutschZ Boss Dog Tag","DeutschZ Boss Dog Tag","DeutschZ Boss Dog Tag","DeutschZ Boss-Erkennungsmarke","DeutschZ Boss Dog Tag","DeutschZ Boss Dog Tag","DeutschZ Boss Dog Tag","DeutschZ Boss Dog Tag","DeutschZ Boss Dog Tag","DeutschZ Boss Dog Tag","DeutschZ Boss Dog Tag","DeutschZ Boss Dog Tag","DeutschZ Boss Dog Tag","DeutschZ Boss Dog Tag"
"STR_DZCORE_DZ_BOSSDOGTAG_DESC","Trophy token for boss kills and special event completions.","Trophy token for boss kills and special event completions.","Trophy token for boss kills and special event completions.","Trophy-Token fuer Bosskills und besondere Eventabschluesse.","Trophy token for boss kills and special event completions.","Trophy token for boss kills and special event completions.","Trophy token for boss kills and special event completions.","Trophy token for boss kills and special event completions.","Trophy token for boss kills and special event completions.","Trophy token for boss kills and special event completions.","Trophy token for boss kills and special event completions.","Trophy token for boss kills and special event completions.","Trophy token for boss kills and special event completions.","Trophy token for boss kills and special event completions."
"STR_DZCORE_DZ_REDZCHIP_NAME","DeutschZ Red Z Chip","DeutschZ Red Z Chip","DeutschZ Red Z Chip","DeutschZ Roter Z-Chip","DeutschZ Red Z Chip","DeutschZ Red Z Chip","DeutschZ Red Z Chip","DeutschZ Red Z Chip","DeutschZ Red Z Chip","DeutschZ Red Z Chip","DeutschZ Red Z Chip","DeutschZ Red Z Chip","DeutschZ Red Z Chip","DeutschZ Red Z Chip"
"STR_DZCORE_DZ_REDZCHIP_DESC","Technical DeutschZ chip for triggers, quest chains and event signals.","Technical DeutschZ chip for triggers, quest chains and event signals.","Technical DeutschZ chip for triggers, quest chains and event signals.","Technischer DeutschZ-Chip fuer Trigger, Questketten und Eventsignale.","Technical DeutschZ chip for triggers, quest chains and event signals.","Technical DeutschZ chip for triggers, quest chains and event signals.","Technical DeutschZ chip for triggers, quest chains and event signals.","Technical DeutschZ chip for triggers, quest chains and event signals.","Technical DeutschZ chip for triggers, quest chains and event signals.","Technical DeutschZ chip for triggers, quest chains and event signals.","Technical DeutschZ chip for triggers, quest chains and event signals.","Technical DeutschZ chip for triggers, quest chains and event signals.","Technical DeutschZ chip for triggers, quest chains and event signals.","Technical DeutschZ chip for triggers, quest chains and event signals."
"STR_DZCORE_DZ_BROKENTRANSMITTER_NAME","DeutschZ Broken Transmitter","DeutschZ Broken Transmitter","DeutschZ Broken Transmitter","DeutschZ defekter Sender","DeutschZ Broken Transmitter","DeutschZ Broken Transmitter","DeutschZ Broken Transmitter","DeutschZ Broken Transmitter","DeutschZ Broken Transmitter","DeutschZ Broken Transmitter","DeutschZ Broken Transmitter","DeutschZ Broken Transmitter","DeutschZ Broken Transmitter","DeutschZ Broken Transmitter"
"STR_DZCORE_DZ_BROKENTRANSMITTER_DESC","Damaged radio transmitter from an event zone. Usable as signal, quest or trader item.","Damaged radio transmitter from an event zone. Usable as signal, quest or trader item.","Damaged radio transmitter from an event zone. Usable as signal, quest or trader item.","Beschaedigter Funksender aus einer Eventzone. Als Signal-, Quest- oder Traderitem nutzbar.","Damaged radio transmitter from an event zone. Usable as signal, quest or trader item.","Damaged radio transmitter from an event zone. Usable as signal, quest or trader item.","Damaged radio transmitter from an event zone. Usable as signal, quest or trader item.","Damaged radio transmitter from an event zone. Usable as signal, quest or trader item.","Damaged radio transmitter from an event zone. Usable as signal, quest or trader item.","Damaged radio transmitter from an event zone. Usable as signal, quest or trader item.","Damaged radio transmitter from an event zone. Usable as signal, quest or trader item.","Damaged radio transmitter from an event zone. Usable as signal, quest or trader item.","Damaged radio transmitter from an event zone. Usable as signal, quest or trader item.","Damaged radio transmitter from an event zone. Usable as signal, quest or trader item."
"STR_DZCORE_DZ_BLOODSAMPLE_NAME","DeutschZ Blood Sample","DeutschZ Blood Sample","DeutschZ Blood Sample","DeutschZ Blutprobe","DeutschZ Blood Sample","DeutschZ Blood Sample","DeutschZ Blood Sample","DeutschZ Blood Sample","DeutschZ Blood Sample","DeutschZ Blood Sample","DeutschZ Blood Sample","DeutschZ Blood Sample","DeutschZ Blood Sample","DeutschZ Blood Sample"
"STR_DZCORE_DZ_BLOODSAMPLE_DESC","Secured sample from a DeutschZ event. Event-only and prepared for medical quest logic.","Secured sample from a DeutschZ event. Event-only and prepared for medical quest logic.","Secured sample from a DeutschZ event. Event-only and prepared for medical quest logic.","Gesicherte Probe aus einem DeutschZ-Event. Event-only und fuer medizinische Questlogik vorbereitet.","Secured sample from a DeutschZ event. Event-only and prepared for medical quest logic.","Secured sample from a DeutschZ event. Event-only and prepared for medical quest logic.","Secured sample from a DeutschZ event. Event-only and prepared for medical quest logic.","Secured sample from a DeutschZ event. Event-only and prepared for medical quest logic.","Secured sample from a DeutschZ event. Event-only and prepared for medical quest logic.","Secured sample from a DeutschZ event. Event-only and prepared for medical quest logic.","Secured sample from a DeutschZ event. Event-only and prepared for medical quest logic.","Secured sample from a DeutschZ event. Event-only and prepared for medical quest logic.","Secured sample from a DeutschZ event. Event-only and prepared for medical quest logic.","Secured sample from a DeutschZ event. Event-only and prepared for medical quest logic."
"STR_DZCORE_DZ_CONTAINMENTSEAL_NAME","DeutschZ Containment Seal","DeutschZ Containment Seal","DeutschZ Containment Seal","DeutschZ Containment-Siegel","DeutschZ Containment Seal","DeutschZ Containment Seal","DeutschZ Containment Seal","DeutschZ Containment Seal","DeutschZ Containment Seal","DeutschZ Containment Seal","DeutschZ Containment Seal","DeutschZ Containment Seal","DeutschZ Containment Seal","DeutschZ Containment Seal"
"STR_DZCORE_DZ_CONTAINMENTSEAL_DESC","Sealed contamination component for GroundZero, NBC or trigger logic.","Sealed contamination component for GroundZero, NBC or trigger logic.","Sealed contamination component for GroundZero, NBC or trigger logic.","Versiegeltes Kontaminationsbauteil fuer GroundZero-, NBC- oder Triggerlogik.","Sealed contamination component for GroundZero, NBC or trigger logic.","Sealed contamination component for GroundZero, NBC or trigger logic.","Sealed contamination component for GroundZero, NBC or trigger logic.","Sealed contamination component for GroundZero, NBC or trigger logic.","Sealed contamination component for GroundZero, NBC or trigger logic.","Sealed contamination component for GroundZero, NBC or trigger logic.","Sealed contamination component for GroundZero, NBC or trigger logic.","Sealed contamination component for GroundZero, NBC or trigger logic.","Sealed contamination component for GroundZero, NBC or trigger logic.","Sealed contamination component for GroundZero, NBC or trigger logic."
"STR_DZCORE_DZ_TACTICALCASE_NAME","DeutschZ Tactical Event Case","DeutschZ Tactical Event Case","DeutschZ Tactical Event Case","DeutschZ taktischer Eventkoffer","DeutschZ Tactical Event Case","DeutschZ Tactical Event Case","DeutschZ Tactical Event Case","DeutschZ Tactical Event Case","DeutschZ Tactical Event Case","DeutschZ Tactical Event Case","DeutschZ Tactical Event Case","DeutschZ Tactical Event Case","DeutschZ Tactical Event Case","DeutschZ Tactical Event Case"
"STR_DZCORE_DZ_TACTICALCASE_DESC","Rugged event case for secure rewards, objective items and admin spawn.","Rugged event case for secure rewards, objective items and admin spawn.","Rugged event case for secure rewards, objective items and admin spawn.","Robuster Eventkoffer fuer sichere Belohnungen, Zielobjekte und Adminspawn.","Rugged event case for secure rewards, objective items and admin spawn.","Rugged event case for secure rewards, objective items and admin spawn.","Rugged event case for secure rewards, objective items and admin spawn.","Rugged event case for secure rewards, objective items and admin spawn.","Rugged event case for secure rewards, objective items and admin spawn.","Rugged event case for secure rewards, objective items and admin spawn.","Rugged event case for secure rewards, objective items and admin spawn.","Rugged event case for secure rewards, objective items and admin spawn.","Rugged event case for secure rewards, objective items and admin spawn.","Rugged event case for secure rewards, objective items and admin spawn."
"STR_DZCORE_DZ_REWARDKEY_NAME","DeutschZ Reward Key","DeutschZ Reward Key","DeutschZ Reward Key","DeutschZ Reward-Schluessel","DeutschZ Reward Key","DeutschZ Reward Key","DeutschZ Reward Key","DeutschZ Reward Key","DeutschZ Reward Key","DeutschZ Reward Key","DeutschZ Reward Key","DeutschZ Reward Key","DeutschZ Reward Key","DeutschZ Reward Key"
"STR_DZCORE_DZ_REWARDKEY_DESC","Key/token item for event rewards. Event-only, no normal map spawn.","Key/token item for event rewards. Event-only, no normal map spawn.","Key/token item for event rewards. Event-only, no normal map spawn.","Schluessel-/Tokenitem fuer Eventbelohnungen. Event-only, kein normaler Mapspawn.","Key/token item for event rewards. Event-only, no normal map spawn.","Key/token item for event rewards. Event-only, no normal map spawn.","Key/token item for event rewards. Event-only, no normal map spawn.","Key/token item for event rewards. Event-only, no normal map spawn.","Key/token item for event rewards. Event-only, no normal map spawn.","Key/token item for event rewards. Event-only, no normal map spawn.","Key/token item for event rewards. Event-only, no normal map spawn.","Key/token item for event rewards. Event-only, no normal map spawn.","Key/token item for event rewards. Event-only, no normal map spawn.","Key/token item for event rewards. Event-only, no normal map spawn."
"STR_DZCORE_DZ_SUPPLYVOUCHER_NAME","DeutschZ Supply Voucher","DeutschZ Supply Voucher","DeutschZ Supply Voucher","DeutschZ Versorgungsgutschein","DeutschZ Supply Voucher","DeutschZ Supply Voucher","DeutschZ Supply Voucher","DeutschZ Supply Voucher","DeutschZ Supply Voucher","DeutschZ Supply Voucher","DeutschZ Supply Voucher","DeutschZ Supply Voucher","DeutschZ Supply Voucher","DeutschZ Supply Voucher"
"STR_DZCORE_DZ_SUPPLYVOUCHER_DESC","Redeemable event document for supplies, traders or admin rewards.","Redeemable event document for supplies, traders or admin rewards.","Redeemable event document for supplies, traders or admin rewards.","Einloesbares Eventdokument fuer Versorgung, Trader oder Adminbelohnung.","Redeemable event document for supplies, traders or admin rewards.","Redeemable event document for supplies, traders or admin rewards.","Redeemable event document for supplies, traders or admin rewards.","Redeemable event document for supplies, traders or admin rewards.","Redeemable event document for supplies, traders or admin rewards.","Redeemable event document for supplies, traders or admin rewards.","Redeemable event document for supplies, traders or admin rewards.","Redeemable event document for supplies, traders or admin rewards.","Redeemable event document for supplies, traders or admin rewards.","Redeemable event document for supplies, traders or admin rewards."
"STR_DZCORE_DZ_HAZARDCANISTER_NAME","DeutschZ Hazard Canister","DeutschZ Hazard Canister","DeutschZ Hazard Canister","DeutschZ Gefahrstoffkanister","DeutschZ Hazard Canister","DeutschZ Hazard Canister","DeutschZ Hazard Canister","DeutschZ Hazard Canister","DeutschZ Hazard Canister","DeutschZ Hazard Canister","DeutschZ Hazard Canister","DeutschZ Hazard Canister","DeutschZ Hazard Canister","DeutschZ Hazard Canister"
"STR_DZCORE_DZ_HAZARDCANISTER_DESC","Small sealed hazardous material container for contaminated event chains.","Small sealed hazardous material container for contaminated event chains.","Small sealed hazardous material container for contaminated event chains.","Kleiner versiegelter Gefahrstoffbehaelter fuer kontaminierte Eventketten.","Small sealed hazardous material container for contaminated event chains.","Small sealed hazardous material container for contaminated event chains.","Small sealed hazardous material container for contaminated event chains.","Small sealed hazardous material container for contaminated event chains.","Small sealed hazardous material container for contaminated event chains.","Small sealed hazardous material container for contaminated event chains.","Small sealed hazardous material container for contaminated event chains.","Small sealed hazardous material container for contaminated event chains.","Small sealed hazardous material container for contaminated event chains.","Small sealed hazardous material container for contaminated event chains."
"STR_DZCORE_DZ_MILITARYLEDGER_NAME","DeutschZ Military Ledger","DeutschZ Military Ledger","DeutschZ Military Ledger","DeutschZ Militaer-Ledger","DeutschZ Military Ledger","DeutschZ Military Ledger","DeutschZ Military Ledger","DeutschZ Military Ledger","DeutschZ Military Ledger","DeutschZ Military Ledger","DeutschZ Military Ledger","DeutschZ Military Ledger","DeutschZ Military Ledger","DeutschZ Military Ledger"
"STR_DZCORE_DZ_MILITARYLEDGER_DESC","Military ledger with event routes, cargo and target codes.","Military ledger with event routes, cargo and target codes.","Military ledger with event routes, cargo and target codes.","Militaerisches Register mit Eventrouten, Ladungen und Zielcodes.","Military ledger with event routes, cargo and target codes.","Military ledger with event routes, cargo and target codes.","Military ledger with event routes, cargo and target codes.","Military ledger with event routes, cargo and target codes.","Military ledger with event routes, cargo and target codes.","Military ledger with event routes, cargo and target codes.","Military ledger with event routes, cargo and target codes.","Military ledger with event routes, cargo and target codes.","Military ledger with event routes, cargo and target codes.","Military ledger with event routes, cargo and target codes."
"STR_DZCORE_DZ_SECURESSD_NAME","DeutschZ Secure SSD","DeutschZ Secure SSD","DeutschZ Secure SSD","DeutschZ Secure SSD","DeutschZ Secure SSD","DeutschZ Secure SSD","DeutschZ Secure SSD","DeutschZ Secure SSD","DeutschZ Secure SSD","DeutschZ Secure SSD","DeutschZ Secure SSD","DeutschZ Secure SSD","DeutschZ Secure SSD","DeutschZ Secure SSD"
"STR_DZCORE_DZ_SECURESSD_DESC","Encrypted data carrier for high-value events and mission chains.","Encrypted data carrier for high-value events and mission chains.","Encrypted data carrier for high-value events and mission chains.","Verschluesselter Datentraeger fuer High-Value-Events und Missionsketten.","Encrypted data carrier for high-value events and mission chains.","Encrypted data carrier for high-value events and mission chains.","Encrypted data carrier for high-value events and mission chains.","Encrypted data carrier for high-value events and mission chains.","Encrypted data carrier for high-value events and mission chains.","Encrypted data carrier for high-value events and mission chains.","Encrypted data carrier for high-value events and mission chains.","Encrypted data carrier for high-value events and mission chains.","Encrypted data carrier for high-value events and mission chains.","Encrypted data carrier for high-value events and mission chains."
"STR_DZCORE_DZ_FIELDNOTE_NAME","DeutschZ Field Note","DeutschZ Field Note","DeutschZ Field Note","DeutschZ Feldnotiz","DeutschZ Field Note","DeutschZ Field Note","DeutschZ Field Note","DeutschZ Field Note","DeutschZ Field Note","DeutschZ Field Note","DeutschZ Field Note","DeutschZ Field Note","DeutschZ Field Note","DeutschZ Field Note"
"STR_DZCORE_DZ_FIELDNOTE_DESC","Short field note from an event zone. Quest, lore or trader item.","Short field note from an event zone. Quest, lore or trader item.","Short field note from an event zone. Quest, lore or trader item.","Kurze Feldnotiz aus einer Eventzone. Quest-, Lore- oder Traderitem.","Short field note from an event zone. Quest, lore or trader item.","Short field note from an event zone. Quest, lore or trader item.","Short field note from an event zone. Quest, lore or trader item.","Short field note from an event zone. Quest, lore or trader item.","Short field note from an event zone. Quest, lore or trader item.","Short field note from an event zone. Quest, lore or trader item.","Short field note from an event zone. Quest, lore or trader item.","Short field note from an event zone. Quest, lore or trader item.","Short field note from an event zone. Quest, lore or trader item.","Short field note from an event zone. Quest, lore or trader item."
"STR_DZCORE_DZ_ACCESSFUSE_NAME","DeutschZ Access Fuse","DeutschZ Access Fuse","DeutschZ Access Fuse","DeutschZ Zugangssicherung","DeutschZ Access Fuse","DeutschZ Access Fuse","DeutschZ Access Fuse","DeutschZ Access Fuse","DeutschZ Access Fuse","DeutschZ Access Fuse","DeutschZ Access Fuse","DeutschZ Access Fuse","DeutschZ Access Fuse","DeutschZ Access Fuse"
"STR_DZCORE_DZ_ACCESSFUSE_DESC","Electronic fuse for event devices, crates and trigger logic.","Electronic fuse for event devices, crates and trigger logic.","Electronic fuse for event devices, crates and trigger logic.","Elektronische Sicherung fuer Eventgeraete, Kisten und Triggerlogik.","Electronic fuse for event devices, crates and trigger logic.","Electronic fuse for event devices, crates and trigger logic.","Electronic fuse for event devices, crates and trigger logic.","Electronic fuse for event devices, crates and trigger logic.","Electronic fuse for event devices, crates and trigger logic.","Electronic fuse for event devices, crates and trigger logic.","Electronic fuse for event devices, crates and trigger logic.","Electronic fuse for event devices, crates and trigger logic.","Electronic fuse for event devices, crates and trigger logic.","Electronic fuse for event devices, crates and trigger logic."
"STR_DZCORE_DZ_SIGNALBATTERY_NAME","DeutschZ Signal Battery","DeutschZ Signal Battery","DeutschZ Signal Battery","DeutschZ Signalbatterie","DeutschZ Signal Battery","DeutschZ Signal Battery","DeutschZ Signal Battery","DeutschZ Signal Battery","DeutschZ Signal Battery","DeutschZ Signal Battery","DeutschZ Signal Battery","DeutschZ Signal Battery","DeutschZ Signal Battery","DeutschZ Signal Battery"
"STR_DZCORE_DZ_SIGNALBATTERY_DESC","Special battery for signal stations, beacons and event technology.","Special battery for signal stations, beacons and event technology.","Special battery for signal stations, beacons and event technology.","Spezielle Batterie fuer Signalstation, Beacons und Eventtechnik.","Special battery for signal stations, beacons and event technology.","Special battery for signal stations, beacons and event technology.","Special battery for signal stations, beacons and event technology.","Special battery for signal stations, beacons and event technology.","Special battery for signal stations, beacons and event technology.","Special battery for signal stations, beacons and event technology.","Special battery for signal stations, beacons and event technology.","Special battery for signal stations, beacons and event technology.","Special battery for signal stations, beacons and event technology.","Special battery for signal stations, beacons and event technology."
"STR_DZCORE_DZ_RADIOCRYSTAL_NAME","DeutschZ Radio Crystal","DeutschZ Radio Crystal","DeutschZ Radio Crystal","DeutschZ Funkkristall","DeutschZ Radio Crystal","DeutschZ Radio Crystal","DeutschZ Radio Crystal","DeutschZ Radio Crystal","DeutschZ Radio Crystal","DeutschZ Radio Crystal","DeutschZ Radio Crystal","DeutschZ Radio Crystal","DeutschZ Radio Crystal","DeutschZ Radio Crystal"
"STR_DZCORE_DZ_RADIOCRYSTAL_DESC","Calibrated crystal for radio, signal and broadcast events.","Calibrated crystal for radio, signal and broadcast events.","Calibrated crystal for radio, signal and broadcast events.","Kalibrierter Kristall fuer Funk-, Signal- und Broadcast-Events.","Calibrated crystal for radio, signal and broadcast events.","Calibrated crystal for radio, signal and broadcast events.","Calibrated crystal for radio, signal and broadcast events.","Calibrated crystal for radio, signal and broadcast events.","Calibrated crystal for radio, signal and broadcast events.","Calibrated crystal for radio, signal and broadcast events.","Calibrated crystal for radio, signal and broadcast events.","Calibrated crystal for radio, signal and broadcast events.","Calibrated crystal for radio, signal and broadcast events.","Calibrated crystal for radio, signal and broadcast events."
"STR_DZCORE_DZ_EVENTCORE_NAME","DeutschZ Event Core","DeutschZ Event Core","DeutschZ Event Core","DeutschZ Event-Core","DeutschZ Event Core","DeutschZ Event Core","DeutschZ Event Core","DeutschZ Event Core","DeutschZ Event Core","DeutschZ Event Core","DeutschZ Event Core","DeutschZ Event Core","DeutschZ Event Core","DeutschZ Event Core"
"STR_DZCORE_DZ_EVENTCORE_DESC","Central technical core module for high-value event chains.","Central technical core module for high-value event chains.","Central technical core module for high-value event chains.","Zentrales technisches Kernmodul fuer hochwertige Eventketten.","Central technical core module for high-value event chains.","Central technical core module for high-value event chains.","Central technical core module for high-value event chains.","Central technical core module for high-value event chains.","Central technical core module for high-value event chains.","Central technical core module for high-value event chains.","Central technical core module for high-value event chains.","Central technical core module for high-value event chains.","Central technical core module for high-value event chains.","Central technical core module for high-value event chains."
"STR_DZCORE_DZ_REDSMOKEBEACON_NAME","DeutschZ Red Smoke Beacon","DeutschZ Red Smoke Beacon","DeutschZ Red Smoke Beacon","DeutschZ roter Smoke-Beacon","DeutschZ Red Smoke Beacon","DeutschZ Red Smoke Beacon","DeutschZ Red Smoke Beacon","DeutschZ Red Smoke Beacon","DeutschZ Red Smoke Beacon","DeutschZ Red Smoke Beacon","DeutschZ Red Smoke Beacon","DeutschZ Red Smoke Beacon","DeutschZ Red Smoke Beacon","DeutschZ Red Smoke Beacon"
"STR_DZCORE_DZ_REDSMOKEBEACON_DESC","Event-only signal device for visible config-gated event marking.","Event-only signal device for visible config-gated event marking.","Event-only signal device for visible config-gated event marking.","Event-only Signalgeraet fuer sichtbare, config-gated Eventmarkierung.","Event-only signal device for visible config-gated event marking.","Event-only signal device for visible config-gated event marking.","Event-only signal device for visible config-gated event marking.","Event-only signal device for visible config-gated event marking.","Event-only signal device for visible config-gated event marking.","Event-only signal device for visible config-gated event marking.","Event-only signal device for visible config-gated event marking.","Event-only signal device for visible config-gated event marking.","Event-only signal device for visible config-gated event marking.","Event-only signal device for visible config-gated event marking."
"STR_DZCORE_DZOP_KEYCARD_CONVOYALPHA_NAME","OperationDeutschZ Convoy Alpha Keycard","OperationDeutschZ Convoy Alpha Keycard","OperationDeutschZ Convoy Alpha Keycard","OperationDeutschZ Convoy-Alpha-Keycard","OperationDeutschZ Convoy Alpha Keycard","OperationDeutschZ Convoy Alpha Keycard","OperationDeutschZ Convoy Alpha Keycard","OperationDeutschZ Convoy Alpha Keycard","OperationDeutschZ Convoy Alpha Keycard","OperationDeutschZ Convoy Alpha Keycard","OperationDeutschZ Convoy Alpha Keycard","OperationDeutschZ Convoy Alpha Keycard","OperationDeutschZ Convoy Alpha Keycard","OperationDeutschZ Convoy Alpha Keycard"
"STR_DZCORE_DZOP_KEYCARD_CONVOYALPHA_DESC","Alpha keycard from ConvoyZ. High-value OperationDeutschZ progression item; keeping it is probably more valuable than selling it.","Alpha keycard from ConvoyZ. High-value OperationDeutschZ progression item; keeping it is probably more valuable than selling it.","Alpha keycard from ConvoyZ. High-value OperationDeutschZ progression item; keeping it is probably more valuable than selling it.","Alpha-Keycard aus ConvoyZ. Hochwertiges OperationDeutschZ-Progressitem; behalten ist wahrscheinlich wertvoller als verkaufen.","Alpha keycard from ConvoyZ. High-value OperationDeutschZ progression item; keeping it is probably more valuable than selling it.","Alpha keycard from ConvoyZ. High-value OperationDeutschZ progression item; keeping it is probably more valuable than selling it.","Alpha keycard from ConvoyZ. High-value OperationDeutschZ progression item; keeping it is probably more valuable than selling it.","Alpha keycard from ConvoyZ. High-value OperationDeutschZ progression item; keeping it is probably more valuable than selling it.","Alpha keycard from ConvoyZ. High-value OperationDeutschZ progression item; keeping it is probably more valuable than selling it.","Alpha keycard from ConvoyZ. High-value OperationDeutschZ progression item; keeping it is probably more valuable than selling it.","Alpha keycard from ConvoyZ. High-value OperationDeutschZ progression item; keeping it is probably more valuable than selling it.","Alpha keycard from ConvoyZ. High-value OperationDeutschZ progression item; keeping it is probably more valuable than selling it.","Alpha keycard from ConvoyZ. High-value OperationDeutschZ progression item; keeping it is probably more valuable than selling it.","Alpha keycard from ConvoyZ. High-value OperationDeutschZ progression item; keeping it is probably more valuable than selling it."
"STR_DZCORE_DZOP_CONVOYLEADNOTE_NAME","OperationDeutschZ Convoy Lead Note","OperationDeutschZ Convoy Lead Note","OperationDeutschZ Convoy Lead Note","OperationDeutschZ Convoy-Leitnotiz","OperationDeutschZ Convoy Lead Note","OperationDeutschZ Convoy Lead Note","OperationDeutschZ Convoy Lead Note","OperationDeutschZ Convoy Lead Note","OperationDeutschZ Convoy Lead Note","OperationDeutschZ Convoy Lead Note","OperationDeutschZ Convoy Lead Note","OperationDeutschZ Convoy Lead Note","OperationDeutschZ Convoy Lead Note","OperationDeutschZ Convoy Lead Note"
"STR_DZCORE_DZOP_CONVOYLEADNOTE_DESC","Note from ConvoyZ with references to a larger operation.","Note from ConvoyZ with references to a larger operation.","Note from ConvoyZ with references to a larger operation.","Notiz aus ConvoyZ mit Verweisen auf eine groessere Operation.","Note from ConvoyZ with references to a larger operation.","Note from ConvoyZ with references to a larger operation.","Note from ConvoyZ with references to a larger operation.","Note from ConvoyZ with references to a larger operation.","Note from ConvoyZ with references to a larger operation.","Note from ConvoyZ with references to a larger operation.","Note from ConvoyZ with references to a larger operation.","Note from ConvoyZ with references to a larger operation.","Note from ConvoyZ with references to a larger operation.","Note from ConvoyZ with references to a larger operation."
"STR_DZCORE_DZOP_TREASUREMAPFRAGMENT_A_NAME","OperationDeutschZ Map Fragment A","OperationDeutschZ Map Fragment A","OperationDeutschZ Map Fragment A","OperationDeutschZ Kartenfragment A","OperationDeutschZ Map Fragment A","OperationDeutschZ Map Fragment A","OperationDeutschZ Map Fragment A","OperationDeutschZ Map Fragment A","OperationDeutschZ Map Fragment A","OperationDeutschZ Map Fragment A","OperationDeutschZ Map Fragment A","OperationDeutschZ Map Fragment A","OperationDeutschZ Map Fragment A","OperationDeutschZ Map Fragment A"
"STR_DZCORE_DZOP_TREASUREMAPFRAGMENT_A_DESC","Burned map fragment from an unknown signal. Keeping it is probably more valuable than selling it.","Burned map fragment from an unknown signal. Keeping it is probably more valuable than selling it.","Burned map fragment from an unknown signal. Keeping it is probably more valuable than selling it.","Verbranntes Kartenfragment aus einem unbekannten Signal. Behalten ist wahrscheinlich wertvoller als verkaufen.","Burned map fragment from an unknown signal. Keeping it is probably more valuable than selling it.","Burned map fragment from an unknown signal. Keeping it is probably more valuable than selling it.","Burned map fragment from an unknown signal. Keeping it is probably more valuable than selling it.","Burned map fragment from an unknown signal. Keeping it is probably more valuable than selling it.","Burned map fragment from an unknown signal. Keeping it is probably more valuable than selling it.","Burned map fragment from an unknown signal. Keeping it is probably more valuable than selling it.","Burned map fragment from an unknown signal. Keeping it is probably more valuable than selling it.","Burned map fragment from an unknown signal. Keeping it is probably more valuable than selling it.","Burned map fragment from an unknown signal. Keeping it is probably more valuable than selling it.","Burned map fragment from an unknown signal. Keeping it is probably more valuable than selling it."
"STR_DZCORE_DZOP_DAMAGEDCARDREADER_NAME","OperationDeutschZ Damaged Card Reader","OperationDeutschZ Damaged Card Reader","OperationDeutschZ Damaged Card Reader","OperationDeutschZ beschaedigter CardReader","OperationDeutschZ Damaged Card Reader","OperationDeutschZ Damaged Card Reader","OperationDeutschZ Damaged Card Reader","OperationDeutschZ Damaged Card Reader","OperationDeutschZ Damaged Card Reader","OperationDeutschZ Damaged Card Reader","OperationDeutschZ Damaged Card Reader","OperationDeutschZ Damaged Card Reader","OperationDeutschZ Damaged Card Reader","OperationDeutschZ Damaged Card Reader"
"STR_DZCORE_DZOP_DAMAGEDCARDREADER_DESC","Damaged reader from GroundZero. Prepared together with the Convoy Alpha keycard for the campaign chain.","Damaged reader from GroundZero. Prepared together with the Convoy Alpha keycard for the campaign chain.","Damaged reader from GroundZero. Prepared together with the Convoy Alpha keycard for the campaign chain.","Beschaedigter Reader aus GroundZero. Zusammen mit der Convoy-Alpha-Keycard fuer die Kampagnenkette vorbereitet.","Damaged reader from GroundZero. Prepared together with the Convoy Alpha keycard for the campaign chain.","Damaged reader from GroundZero. Prepared together with the Convoy Alpha keycard for the campaign chain.","Damaged reader from GroundZero. Prepared together with the Convoy Alpha keycard for the campaign chain.","Damaged reader from GroundZero. Prepared together with the Convoy Alpha keycard for the campaign chain.","Damaged reader from GroundZero. Prepared together with the Convoy Alpha keycard for the campaign chain.","Damaged reader from GroundZero. Prepared together with the Convoy Alpha keycard for the campaign chain.","Damaged reader from GroundZero. Prepared together with the Convoy Alpha keycard for the campaign chain.","Damaged reader from GroundZero. Prepared together with the Convoy Alpha keycard for the campaign chain.","Damaged reader from GroundZero. Prepared together with the Convoy Alpha keycard for the campaign chain.","Damaged reader from GroundZero. Prepared together with the Convoy Alpha keycard for the campaign chain."
"STR_DZCORE_DZOP_DECODEDKEYCARD_NAME","OperationDeutschZ Decoded Keycard","OperationDeutschZ Decoded Keycard","OperationDeutschZ Decoded Keycard","OperationDeutschZ dekodierte Keycard","OperationDeutschZ Decoded Keycard","OperationDeutschZ Decoded Keycard","OperationDeutschZ Decoded Keycard","OperationDeutschZ Decoded Keycard","OperationDeutschZ Decoded Keycard","OperationDeutschZ Decoded Keycard","OperationDeutschZ Decoded Keycard","OperationDeutschZ Decoded Keycard","OperationDeutschZ Decoded Keycard","OperationDeutschZ Decoded Keycard"
"STR_DZCORE_DZOP_DECODEDKEYCARD_DESC","Decoded keycard for later OperationDeutschZ combinations and final unlocks.","Decoded keycard for later OperationDeutschZ combinations and final unlocks.","Decoded keycard for later OperationDeutschZ combinations and final unlocks.","Dekodierte Keycard fuer spaetere OperationDeutschZ-Kombinationen und Finalfreigaben.","Decoded keycard for later OperationDeutschZ combinations and final unlocks.","Decoded keycard for later OperationDeutschZ combinations and final unlocks.","Decoded keycard for later OperationDeutschZ combinations and final unlocks.","Decoded keycard for later OperationDeutschZ combinations and final unlocks.","Decoded keycard for later OperationDeutschZ combinations and final unlocks.","Decoded keycard for later OperationDeutschZ combinations and final unlocks.","Decoded keycard for later OperationDeutschZ combinations and final unlocks.","Decoded keycard for later OperationDeutschZ combinations and final unlocks.","Decoded keycard for later OperationDeutschZ combinations and final unlocks.","Decoded keycard for later OperationDeutschZ combinations and final unlocks."
"STR_DZCORE_DZOP_OPERATIONTREASUREMAP_NAME","OperationDeutschZ Treasure Map","OperationDeutschZ Treasure Map","OperationDeutschZ Treasure Map","OperationDeutschZ Schatzkarte","OperationDeutschZ Treasure Map","OperationDeutschZ Treasure Map","OperationDeutschZ Treasure Map","OperationDeutschZ Treasure Map","OperationDeutschZ Treasure Map","OperationDeutschZ Treasure Map","OperationDeutschZ Treasure Map","OperationDeutschZ Treasure Map","OperationDeutschZ Treasure Map","OperationDeutschZ Treasure Map"
"STR_DZCORE_DZOP_OPERATIONTREASUREMAP_DESC","Final treasure map of the OperationDeutschZ chain. Event-only, no normal map spawn.","Final treasure map of the OperationDeutschZ chain. Event-only, no normal map spawn.","Final treasure map of the OperationDeutschZ chain. Event-only, no normal map spawn.","Finale Schatzkarte der OperationDeutschZ-Kette. Event-only, kein normaler Mapspawn.","Final treasure map of the OperationDeutschZ chain. Event-only, no normal map spawn.","Final treasure map of the OperationDeutschZ chain. Event-only, no normal map spawn.","Final treasure map of the OperationDeutschZ chain. Event-only, no normal map spawn.","Final treasure map of the OperationDeutschZ chain. Event-only, no normal map spawn.","Final treasure map of the OperationDeutschZ chain. Event-only, no normal map spawn.","Final treasure map of the OperationDeutschZ chain. Event-only, no normal map spawn.","Final treasure map of the OperationDeutschZ chain. Event-only, no normal map spawn.","Final treasure map of the OperationDeutschZ chain. Event-only, no normal map spawn.","Final treasure map of the OperationDeutschZ chain. Event-only, no normal map spawn.","Final treasure map of the OperationDeutschZ chain. Event-only, no normal map spawn."
"STR_DZCORE_DZOP_TREASUREMAPFRAGMENT_B_NAME","OperationDeutschZ Map Fragment B","OperationDeutschZ Map Fragment B","OperationDeutschZ Map Fragment B","OperationDeutschZ Kartenfragment B","OperationDeutschZ Map Fragment B","OperationDeutschZ Map Fragment B","OperationDeutschZ Map Fragment B","OperationDeutschZ Map Fragment B","OperationDeutschZ Map Fragment B","OperationDeutschZ Map Fragment B","OperationDeutschZ Map Fragment B","OperationDeutschZ Map Fragment B","OperationDeutschZ Map Fragment B","OperationDeutschZ Map Fragment B"
"STR_DZCORE_DZOP_TREASUREMAPFRAGMENT_B_DESC","Combined map fragment for advanced campaign progress.","Combined map fragment for advanced campaign progress.","Combined map fragment for advanced campaign progress.","Zusammengesetztes Kartenfragment fuer den fortgeschrittenen Kampagnenfortschritt.","Combined map fragment for advanced campaign progress.","Combined map fragment for advanced campaign progress.","Combined map fragment for advanced campaign progress.","Combined map fragment for advanced campaign progress.","Combined map fragment for advanced campaign progress.","Combined map fragment for advanced campaign progress.","Combined map fragment for advanced campaign progress.","Combined map fragment for advanced campaign progress.","Combined map fragment for advanced campaign progress.","Combined map fragment for advanced campaign progress."
"STR_DZCORE_DZOP_CIPHERFRAGMENT_COURIER_NAME","OperationDeutschZ Courier Cipher Fragment","OperationDeutschZ Courier Cipher Fragment","OperationDeutschZ Courier Cipher Fragment","OperationDeutschZ Courier-Chiffrefragment","OperationDeutschZ Courier Cipher Fragment","OperationDeutschZ Courier Cipher Fragment","OperationDeutschZ Courier Cipher Fragment","OperationDeutschZ Courier Cipher Fragment","OperationDeutschZ Courier Cipher Fragment","OperationDeutschZ Courier Cipher Fragment","OperationDeutschZ Courier Cipher Fragment","OperationDeutschZ Courier Cipher Fragment","OperationDeutschZ Courier Cipher Fragment","OperationDeutschZ Courier Cipher Fragment"
"STR_DZCORE_DZOP_CIPHERFRAGMENT_COURIER_DESC","Cipher fragment from CourierZ. Part of the later OperationDeutschZ combination.","Cipher fragment from CourierZ. Part of the later OperationDeutschZ combination.","Cipher fragment from CourierZ. Part of the later OperationDeutschZ combination.","Chiffrefragment aus CourierZ. Teil der spaeteren OperationDeutschZ-Kombination.","Cipher fragment from CourierZ. Part of the later OperationDeutschZ combination.","Cipher fragment from CourierZ. Part of the later OperationDeutschZ combination.","Cipher fragment from CourierZ. Part of the later OperationDeutschZ combination.","Cipher fragment from CourierZ. Part of the later OperationDeutschZ combination.","Cipher fragment from CourierZ. Part of the later OperationDeutschZ combination.","Cipher fragment from CourierZ. Part of the later OperationDeutschZ combination.","Cipher fragment from CourierZ. Part of the later OperationDeutschZ combination.","Cipher fragment from CourierZ. Part of the later OperationDeutschZ combination.","Cipher fragment from CourierZ. Part of the later OperationDeutschZ combination.","Cipher fragment from CourierZ. Part of the later OperationDeutschZ combination."
"STR_DZCORE_DZOP_ROUTENOTE_COURIER_NAME","OperationDeutschZ Courier Route Note","OperationDeutschZ Courier Route Note","OperationDeutschZ Courier Route Note","OperationDeutschZ Courier-Routennotiz","OperationDeutschZ Courier Route Note","OperationDeutschZ Courier Route Note","OperationDeutschZ Courier Route Note","OperationDeutschZ Courier Route Note","OperationDeutschZ Courier Route Note","OperationDeutschZ Courier Route Note","OperationDeutschZ Courier Route Note","OperationDeutschZ Courier Route Note","OperationDeutschZ Courier Route Note","OperationDeutschZ Courier Route Note"
"STR_DZCORE_DZOP_ROUTENOTE_COURIER_DESC","Route note with a concealed handover chain from CourierZ.","Route note with a concealed handover chain from CourierZ.","Route note with a concealed handover chain from CourierZ.","Routennotiz mit verschleierter Uebergabekette aus CourierZ.","Route note with a concealed handover chain from CourierZ.","Route note with a concealed handover chain from CourierZ.","Route note with a concealed handover chain from CourierZ.","Route note with a concealed handover chain from CourierZ.","Route note with a concealed handover chain from CourierZ.","Route note with a concealed handover chain from CourierZ.","Route note with a concealed handover chain from CourierZ.","Route note with a concealed handover chain from CourierZ.","Route note with a concealed handover chain from CourierZ.","Route note with a concealed handover chain from CourierZ."
"STR_DZCORE_DZOP_TECHNICALFRAGMENT_GROUNDZERO_NAME","OperationDeutschZ GroundZero Technical Fragment","OperationDeutschZ GroundZero Technical Fragment","OperationDeutschZ GroundZero Technical Fragment","OperationDeutschZ GroundZero-Technikfragment","OperationDeutschZ GroundZero Technical Fragment","OperationDeutschZ GroundZero Technical Fragment","OperationDeutschZ GroundZero Technical Fragment","OperationDeutschZ GroundZero Technical Fragment","OperationDeutschZ GroundZero Technical Fragment","OperationDeutschZ GroundZero Technical Fragment","OperationDeutschZ GroundZero Technical Fragment","OperationDeutschZ GroundZero Technical Fragment","OperationDeutschZ GroundZero Technical Fragment","OperationDeutschZ GroundZero Technical Fragment"
"STR_DZCORE_DZOP_TECHNICALFRAGMENT_GROUNDZERO_DESC","Technical fragment from GroundZero. Can be used as a generator or decoder part.","Technical fragment from GroundZero. Can be used as a generator or decoder part.","Technical fragment from GroundZero. Can be used as a generator or decoder part.","Technisches Fragment aus GroundZero. Kann als Generator- oder Decoderteil genutzt werden.","Technical fragment from GroundZero. Can be used as a generator or decoder part.","Technical fragment from GroundZero. Can be used as a generator or decoder part.","Technical fragment from GroundZero. Can be used as a generator or decoder part.","Technical fragment from GroundZero. Can be used as a generator or decoder part.","Technical fragment from GroundZero. Can be used as a generator or decoder part.","Technical fragment from GroundZero. Can be used as a generator or decoder part.","Technical fragment from GroundZero. Can be used as a generator or decoder part.","Technical fragment from GroundZero. Can be used as a generator or decoder part.","Technical fragment from GroundZero. Can be used as a generator or decoder part.","Technical fragment from GroundZero. Can be used as a generator or decoder part."
"STR_DZCORE_DZOP_SIGNALFRAGMENT_KOTHZ_NAME","OperationDeutschZ KotHZ Signal Fragment","OperationDeutschZ KotHZ Signal Fragment","OperationDeutschZ KotHZ Signal Fragment","OperationDeutschZ KotHZ-Signalfragment","OperationDeutschZ KotHZ Signal Fragment","OperationDeutschZ KotHZ Signal Fragment","OperationDeutschZ KotHZ Signal Fragment","OperationDeutschZ KotHZ Signal Fragment","OperationDeutschZ KotHZ Signal Fragment","OperationDeutschZ KotHZ Signal Fragment","OperationDeutschZ KotHZ Signal Fragment","OperationDeutschZ KotHZ Signal Fragment","OperationDeutschZ KotHZ Signal Fragment","OperationDeutschZ KotHZ Signal Fragment"
"STR_DZCORE_DZOP_SIGNALFRAGMENT_KOTHZ_DESC","Signal fragment from KotHZ. Leads the red signals into the OperationDeutschZ chain.","Signal fragment from KotHZ. Leads the red signals into the OperationDeutschZ chain.","Signal fragment from KotHZ. Leads the red signals into the OperationDeutschZ chain.","Signalfragment aus KotHZ. Fuehrt die roten Signale in die OperationDeutschZ-Kette.","Signal fragment from KotHZ. Leads the red signals into the OperationDeutschZ chain.","Signal fragment from KotHZ. Leads the red signals into the OperationDeutschZ chain.","Signal fragment from KotHZ. Leads the red signals into the OperationDeutschZ chain.","Signal fragment from KotHZ. Leads the red signals into the OperationDeutschZ chain.","Signal fragment from KotHZ. Leads the red signals into the OperationDeutschZ chain.","Signal fragment from KotHZ. Leads the red signals into the OperationDeutschZ chain.","Signal fragment from KotHZ. Leads the red signals into the OperationDeutschZ chain.","Signal fragment from KotHZ. Leads the red signals into the OperationDeutschZ chain.","Signal fragment from KotHZ. Leads the red signals into the OperationDeutschZ chain.","Signal fragment from KotHZ. Leads the red signals into the OperationDeutschZ chain."
"STR_DZCORE_DZOP_BURNEDNOTE_NAME","OperationDeutschZ Burned Note","OperationDeutschZ Burned Note","OperationDeutschZ Burned Note","OperationDeutschZ verbrannte Notiz","OperationDeutschZ Burned Note","OperationDeutschZ Burned Note","OperationDeutschZ Burned Note","OperationDeutschZ Burned Note","OperationDeutschZ Burned Note","OperationDeutschZ Burned Note","OperationDeutschZ Burned Note","OperationDeutschZ Burned Note","OperationDeutschZ Burned Note","OperationDeutschZ Burned Note"
"STR_DZCORE_DZOP_BURNEDNOTE_DESC","Scorched note with a barely readable clue: When the sky falls silent, the ground speaks.","Scorched note with a barely readable clue: When the sky falls silent, the ground speaks.","Scorched note with a barely readable clue: When the sky falls silent, the ground speaks.","Angebrannte Notiz mit einem kaum lesbaren Hinweis: Wenn der Himmel schweigt, spricht der Boden.","Scorched note with a barely readable clue: When the sky falls silent, the ground speaks.","Scorched note with a barely readable clue: When the sky falls silent, the ground speaks.","Scorched note with a barely readable clue: When the sky falls silent, the ground speaks.","Scorched note with a barely readable clue: When the sky falls silent, the ground speaks.","Scorched note with a barely readable clue: When the sky falls silent, the ground speaks.","Scorched note with a barely readable clue: When the sky falls silent, the ground speaks.","Scorched note with a barely readable clue: When the sky falls silent, the ground speaks.","Scorched note with a barely readable clue: When the sky falls silent, the ground speaks.","Scorched note with a barely readable clue: When the sky falls silent, the ground speaks.","Scorched note with a barely readable clue: When the sky falls silent, the ground speaks."
"STR_DZCORE_DZOP_DESTROYEDBLACKBOX_NAME","OperationDeutschZ Destroyed Blackbox","OperationDeutschZ Destroyed Blackbox","OperationDeutschZ Destroyed Blackbox","OperationDeutschZ zerstoerte Blackbox","OperationDeutschZ Destroyed Blackbox","OperationDeutschZ Destroyed Blackbox","OperationDeutschZ Destroyed Blackbox","OperationDeutschZ Destroyed Blackbox","OperationDeutschZ Destroyed Blackbox","OperationDeutschZ Destroyed Blackbox","OperationDeutschZ Destroyed Blackbox","OperationDeutschZ Destroyed Blackbox","OperationDeutschZ Destroyed Blackbox","OperationDeutschZ Destroyed Blackbox"
"STR_DZCORE_DZOP_DESTROYEDBLACKBOX_DESC","Destroyed blackbox from an unknown signal. Starting find for OperationDeutschZ.","Destroyed blackbox from an unknown signal. Starting find for OperationDeutschZ.","Destroyed blackbox from an unknown signal. Starting find for OperationDeutschZ.","Zerstoerte Blackbox eines unbekannten Signals. Startfund fuer OperationDeutschZ.","Destroyed blackbox from an unknown signal. Starting find for OperationDeutschZ.","Destroyed blackbox from an unknown signal. Starting find for OperationDeutschZ.","Destroyed blackbox from an unknown signal. Starting find for OperationDeutschZ.","Destroyed blackbox from an unknown signal. Starting find for OperationDeutschZ.","Destroyed blackbox from an unknown signal. Starting find for OperationDeutschZ.","Destroyed blackbox from an unknown signal. Starting find for OperationDeutschZ.","Destroyed blackbox from an unknown signal. Starting find for OperationDeutschZ.","Destroyed blackbox from an unknown signal. Starting find for OperationDeutschZ.","Destroyed blackbox from an unknown signal. Starting find for OperationDeutschZ.","Destroyed blackbox from an unknown signal. Starting find for OperationDeutschZ."
"STR_DZCORE_DZOP_ENCRYPTEDSIGNALCORE_NAME","OperationDeutschZ Encrypted Signal Core","OperationDeutschZ Encrypted Signal Core","OperationDeutschZ Encrypted Signal Core","OperationDeutschZ verschluesselter Signalkern","OperationDeutschZ Encrypted Signal Core","OperationDeutschZ Encrypted Signal Core","OperationDeutschZ Encrypted Signal Core","OperationDeutschZ Encrypted Signal Core","OperationDeutschZ Encrypted Signal Core","OperationDeutschZ Encrypted Signal Core","OperationDeutschZ Encrypted Signal Core","OperationDeutschZ Encrypted Signal Core","OperationDeutschZ Encrypted Signal Core","OperationDeutschZ Encrypted Signal Core"
"STR_DZCORE_DZOP_ENCRYPTEDSIGNALCORE_DESC","Encrypted signal core for later finale and depot logic.","Encrypted signal core for later finale and depot logic.","Encrypted signal core for later finale and depot logic.","Verschluesselter Signalkern fuer spaetere Final- und Depotlogik.","Encrypted signal core for later finale and depot logic.","Encrypted signal core for later finale and depot logic.","Encrypted signal core for later finale and depot logic.","Encrypted signal core for later finale and depot logic.","Encrypted signal core for later finale and depot logic.","Encrypted signal core for later finale and depot logic.","Encrypted signal core for later finale and depot logic.","Encrypted signal core for later finale and depot logic.","Encrypted signal core for later finale and depot logic.","Encrypted signal core for later finale and depot logic."
"STR_DZCORE_LANGUAGECORE_READY","DeutschZ LanguageCore ready","DeutschZ LanguageCore ready","DeutschZ LanguageCore ready","DeutschZ LanguageCore bereit","DeutschZ LanguageCore ready","DeutschZ LanguageCore ready","DeutschZ LanguageCore ready","DeutschZ LanguageCore ready","DeutschZ LanguageCore ready","DeutschZ LanguageCore ready","DeutschZ LanguageCore ready","DeutschZ LanguageCore ready","DeutschZ LanguageCore ready","DeutschZ LanguageCore ready"
